,antibody,background,position,site_sum_R1,site_sum_R2,diffsel_site_sum_R1,diffsel_site_sum_R2,normalized_site_sum_R1,normalized_site_sum_R2,average_site_sum
0,ADI-77470,SI06,107.0,0.0023986042819699673,0.06924894203717502,0.0272201835928139,0.8053563953173014,0.0005290349236416253,0.014052789007661581,0.0358237731595725
1,ADI-77470,SI06,115.0,0.14012667171077628,0.1892116379023074,1.5902055036292353,2.200507302642701,0.030906266459168198,0.038396994192456825,0.16466915480654185
2,ADI-77470,SI06,119.0,2.822753507060576,3.344113083307162,32.03357439032965,38.891610168714,0.6225850580240144,0.6786257550656621,3.0834332951838688
3,ADI-77470,SI06,122.0,4.533924273768382,4.927772131170581,51.45252681135506,57.30936363438041,1.0,1.0,4.730848202469481
4,ADI-77470,SI06,125.0,0.3041594593148142,0.05075111197835757,3.4517058050277907,0.5902289825495528,0.06708525351307011,0.010298997321189395,0.1774552856465859
5,ADI-77470,SI06,156.0,0.19592217128522507,0.060040667708165296,2.223391958554559,0.6982653351142011,0.04321249307553694,0.012184140441149573,0.12798141949669517
6,ADI-77470,SI06,188.0,0.12597531237607273,0.17168674549083823,1.4296110270521545,1.996695031066803,0.027785049941155732,0.03484064216460724,0.14883102893345548
7,ADI-77470,SI06,193.0,0.05493355287598752,0.2221858594851808,0.6234047883304216,2.583993309087692,0.012116116097000747,0.04508850116663188,0.13855970618058416
8,ADI-77470,SI06,216.0,0.26616060009670994,0.4103154151245984,3.0204817252538696,4.771916132530554,0.05870424471723475,0.08326590682413088,0.33823800761065415
9,ADI-77470,SI06,76.0,0.08586135910491637,0.1168596621437195,0.9743841349456952,1.3590630194976905,0.018937537091582805,0.023714502016950963,0.10136051062431793
