,position,A,C,D,E,F,G,H,I,K,L,M,N,P,Q,R,S,T,V,W,Y,-
0,126,0.0,-0.0521848966457098,0.0,-0.3725373993785224,0.8694561900247935,0.0,0.0,0.7248343241061146,0.0,0.0,0.0,0.0,0.0,0.0,0.0,0.0,0.0,0.0,0.0,0.0,0.0
1,128,0.2942738044060288,0.0,0.8962118841789126,0.7937782308720729,0.0,0.6878696697787005,0.7955047893012046,0.0,0.0,0.0,0.0,0.555511729804277,0.0,0.24859908194339,0.0,0.4230460712673503,0.0,0.0,0.8130013044396233,0.9154804748514328,0.0
2,166,0.0,0.0,0.0,0.9074938924248316,0.8256608645697308,0.0,0.0,0.0,0.0,0.0,0.9005436234620492,0.0,0.0,-0.242963247351293,0.0,0.0,0.0,0.950418982625504,0.7945622749504021,0.0,0.0
3,169,0.0,-0.07518990338835174,0.12893651635262893,-0.004935207802600372,-0.1259674040507933,0.0,-0.1373315637727321,0.0,-0.9176978882495432,0.0,-0.0995073304110245,0.0,0.6281855054550548,-0.2603321145846887,-0.2921381924963623,0.1374085719802774,0.0,0.0,0.34976155335432596,0.6496360933576484,0.0
4,171,0.0,0.0,0.7689971967731594,0.5123715410232583,0.8821415204847002,0.3871134496498438,0.0,0.6313657829051307,0.0,0.8956747279022489,0.0,0.0,0.0,0.0,0.8830320537045308,0.3231869689078769,0.0,0.6368311805260303,0.8557646938623424,0.94841317184301,0.0
5,173,0.0,0.0,0.0,0.0,0.0,0.0,0.0,0.0,0.0,0.1032066313330701,0.0,0.1092254526196189,0.0,-0.1593574503742644,0.5476252686746652,0.09978678854915257,-0.4245616163436736,0.0,0.0,0.4181816935599712,0.0
