,position,A,C,D,E,F,G,H,I,K,L,M,N,P,Q,R,S,T,V,W,Y,-
0,126,0.0,-0.08741667927170893,-0.16867921176655704,-0.7835590396656954,0.0,0.0829300743074805,0.0,0.2623134786187107,0.0,0.0,0.0,0.0,0.0,0.0,0.0,0.0,0.0,0.0,0.1992451688662343,0.1808186604945003,-0.32443496421328494
1,128,0.1997373265966648,0.0722655850212267,0.512582691149851,0.5149757908696144,0.0,0.0760646621925598,0.198134986512095,0.0,0.0,0.0,0.0,0.0,0.0,0.0,0.0,0.0,0.0,0.0,0.0729451114100719,0.0,0.0
2,166,0.04661957223467872,-0.646057243868718,0.0,-0.23423233717220204,0.860441523444251,0.10990015606070802,0.0,0.4019197953626597,0.0,0.28847383519662284,0.15040721738602836,0.0354672315518878,0.0,0.14995731737681672,0.2901969568183,0.16526262968267036,0.48051918135220006,0.3513773429314987,0.0,0.4931590705979546,0.0
3,169,0.6028301581673581,0.16400170097398714,0.130764736082437,0.024043220960488942,-0.002437933862684205,0.30359071711014884,0.2586552691745331,0.0,-0.06411029516281652,0.4747754409902228,0.4710057702879655,0.3678464164742243,-0.12740319462771232,0.0715911167597828,-0.061485799505542116,0.5681844645984124,0.4547346975898595,0.0,-0.006333532465911174,-0.035428770478379334,0.3679770735236029
4,171,0.0,0.0,0.0,0.1886191064551331,0.34176337114924094,0.2958812816742852,0.0,0.4183619890310689,0.0,-0.7345096131264408,0.6193394781027731,0.0,0.0,0.1982062883740808,0.8493647170508992,0.0,0.0,0.0,0.8547960645712392,0.10684455355333233,0.0
5,173,0.0,0.0,0.0,0.0,0.0,-0.156970858439482,0.2331557185579144,0.0,0.0,0.0,0.0,0.199791870749411,0.0,0.0774524072098545,0.192540770994314,-0.4846513747311544,-0.08704527996762113,0.271093840915986,0.0520429573782772,0.0,0.0
