,position,A,C,D,E,F,G,H,I,K,L,M,N,P,Q,R,S,T,V,W,Y,-
0,133.5,0.0,0.0,0.0,0.0,0.0,0.0,0.0,0.0,0.0,0.0,0.0,0.0,0.0,0.0,0.0,0.0,0.0,0.0,0.0,0.0,0.0
1,145.0,0.0,0.0,0.0,0.0,0.0,0.0,0.0,0.0,0.0,-0.1781977397030577,0.0,0.0,0.0,0.0,0.0,0.0,0.0,0.0,0.0,0.0,0.0
2,156.0,0.0,0.0,0.0,0.0,0.0,0.0,0.0,0.0,0.0,0.0,0.0,0.0,0.0,0.0,0.0,0.0,0.0,0.0,0.0,0.0,0.0
3,159.0,0.6565357931296815,0.0,0.4206455818987099,0.9019697698485452,0.0,0.0,0.8548219969378643,0.0,0.0,0.900957892776482,0.860731536985863,0.0,0.0,0.838049809148141,0.0,0.0,0.8229778411303832,0.0,0.6314909727483948,0.936589624888916,0.0
4,189.0,0.1364967244056771,0.5939428252431459,0.9356322241167674,0.814747187091557,0.46029200734689807,0.0,0.5451328045210779,0.1372891054982224,0.8848808256432512,0.8929277773264498,0.8591364858358732,0.3534539005617662,0.1874152980084022,0.9540468631577632,0.8619417368132978,0.0,0.0,0.0,0.8318792271068727,0.6296822211493973,0.0
5,190.0,0.0,0.0,0.0,0.0,0.0,0.0,0.0,0.0,0.3164002999032327,0.0,-0.060535665735794,0.0,0.0,0.0,0.0,0.0,0.0,0.0,0.0,0.3142409074830117,0.0
6,192.0,0.2812304943272661,0.0,0.0,0.0,0.0,0.2478537740171403,0.0,0.0,0.0,-0.3200684627432556,0.0,0.0,0.0,0.0,0.0,0.0,0.3058132887867111,0.0,0.0,0.4608783220379933,0.0
7,193.0,0.0,0.0,0.6831089328012531,0.2088994387639934,0.9878189649017948,0.0,0.6125953104933601,0.7692200552447753,0.8547478839600411,0.6909086262898616,0.0,0.0,0.0,0.6058353050032885,0.7119573761837392,0.0,0.7411996337902018,0.5403876361907991,0.8504071580602741,0.8559027712423763,0.0
