,position,A,C,D,E,F,G,H,I,K,L,M,N,P,Q,R,S,T,V,W,Y,-
0,133.5,0.0,0.0,0.0,0.0,0.0,0.0,0.0,0.0,0.0,0.0,0.0,0.0,0.0,0.0,0.0,0.0,0.0,0.0,0.0,0.0,0.0
1,145.0,0.0,0.669390495633648,0.0,0.0,0.0,0.0,0.0,0.4198143173009276,0.0,0.7209908813072674,0.0,0.0,0.0,0.0,0.845932270242927,0.0,0.4196531343616698,0.0,0.0,0.0,0.0
2,156.0,0.0,0.0,0.0,0.0,0.0,0.0,0.0,0.0,0.0,0.0,0.0,0.0,0.3488817520851118,0.0,0.0,0.0,0.0,0.0,0.0,0.0,0.0
3,159.0,0.0,0.0,-0.8329784043340624,-0.03921483253830349,0.0,0.0,-0.013774100061993977,0.0,0.0,-0.0879542436768832,-0.013826788418071945,0.0,0.0,-0.1841778061115631,0.0,0.0,-0.054846117659888005,0.0,0.04175396766679351,-0.010734136004862727,0.0
4,189.0,0.0,0.0,0.0,0.0,0.0,0.0,0.0,-0.1143170452067048,0.0,0.0,0.0,0.0,0.0,0.0,0.0,0.0,0.0,0.0,0.0,0.0755587832740821,0.0
5,190.0,0.019084330129978566,0.0,0.0,0.0,0.010166407595169735,-0.044352485059839575,0.020835265456688457,0.07190904555990096,0.12038303415424523,0.0,-0.0620710100446602,0.0059183950801752205,0.006198871944310236,-0.09313189088075446,0.6623898017100677,-0.00033441562023128757,0.01780264398932052,-0.7005502502583714,-0.011632880859432704,0.01207034317905642,0.0
6,192.0,0.4988132883712056,0.0,0.0,0.0,0.0,0.5506965756434995,0.0,0.0,0.0,0.3433139647949884,0.0,0.0,0.0,0.0,0.0,0.7316645084596388,0.12054705562878043,0.0,0.0,0.0,0.0
7,193.0,0.0,0.0,-0.1959890379859971,0.0,-0.1873153525470842,0.34195125142504645,-0.0217517951299786,0.0928828178844956,0.008577724198734815,0.2028950033632969,0.8166404041788591,0.3990555919211787,0.0,0.7416464428596421,0.014367827861146987,0.4496939525459329,0.3832577332613993,0.20094041970577414,0.02079362992439704,-0.024929973809865946,0.0
