,position,A,C,D,E,F,G,H,I,K,L,M,N,P,Q,R,S,T,V,W,Y,-
0,133.5,0.0,0.0,0.0,0.0,0.0,0.0,0.0,0.0,0.0,0.0,0.0,0.0,0.0,0.0,0.0,0.0,0.0,0.0,0.0,0.0,0.0
1,145.0,0.0,0.0,0.0,0.0,0.0,0.0,0.0,0.0,0.0,0.0,0.0,0.0,0.0,0.0,0.0,0.0,0.0,0.0,0.0,0.0,0.0
2,156.0,0.0,0.0,0.0,0.0,0.0,0.0,0.0,0.0,0.0,0.0,0.0,0.0,0.0,0.0,0.0,0.0,0.0,0.0,0.0,0.0,0.0
3,159.0,0.0,0.0,0.8329784043340624,0.6404129544169824,0.0,0.0,0.8958019924085389,0.0,0.0,0.9068006422374748,0.8585525752253904,0.0,0.0,0.66402807552921,0.0,0.0,0.752022488059416,0.0,0.6908732171610452,0.8256435564875101,0.0
4,189.0,0.0,0.0,0.0,0.0,0.0,0.0,0.0,0.1143170452067048,0.0,0.0,0.0,0.0,0.0,0.0,0.0,0.0,0.0,0.0,0.0,0.0,0.0
5,190.0,0.8699412937854505,0.0,0.0,0.0,0.8330015528940353,0.9004354064323766,0.8715494651538144,0.7430141801394148,0.7480800081833433,0.0,0.8159233562505279,0.4426624931842816,0.7899291064218845,0.9148074769685812,-0.9707633949018492,0.8177353424631136,0.7983799817500025,0.7005502502583714,0.8778655555547548,0.8490109039765666,0.0
6,192.0,0.0,0.0,0.0,0.0,0.0,0.1763832325699156,-0.1839391735017024,0.0,0.0,0.4565970413247224,-0.0534383524287149,0.0,0.0,0.0,0.0,0.0,0.4726037082957131,0.0,0.0,0.0,0.0
7,193.0,0.0,0.0,0.7332106098011337,-0.1327453846312792,0.7123393462729845,0.130547193211506,0.8986740479638755,0.7902311499219242,-0.0668220955775104,0.5518295014123579,0.0,0.0,0.0,0.092350349322109,0.8787516229110004,0.0,0.2876145561967733,0.6743224304769759,0.9096720783026886,0.9054590938280732,0.0
