,position,A,C,D,E,F,G,H,I,K,L,M,N,P,Q,R,S,T,V,W,Y,-
0,133.5,0.1497237801540109,0.0,0.2780022533589897,0.5926758669719261,0.0,0.3702391130456375,-0.29677174718405264,0.7176096309841832,0.0,0.0,0.0696202115071386,0.0,0.0,0.0,0.0,0.3214659518257695,0.3169246449684803,0.3418823247826339,0.0,0.0,0.8373664755926349
1,145.0,0.0,0.0,0.0,0.0,0.0,0.0,0.0,0.0,0.0,0.0,0.0,0.0,0.0,0.0103511320112956,0.0,0.0,0.0,0.0,0.0,0.0,0.0
2,156.0,0.0,0.0,0.3738426885943391,0.0,0.0,0.0,0.0,0.0,0.0,0.0,0.0,0.0,0.0,0.0,0.0,0.0,0.0,0.0,0.0,0.0,0.0
3,159.0,0.0,0.0,0.0,0.0,0.0,0.0,0.0478274290813816,0.0,0.0,0.0,0.0,0.0,0.0,0.0,0.0,0.0,0.0,0.0,0.0,0.0,0.0
4,189.0,0.0,0.0,0.0,0.0,0.0,0.0,0.0,0.1793830294482049,0.0,0.0,0.0,0.0,0.0,0.0,0.0680679006496734,0.0,0.0,0.1776890918249342,0.0,0.0,0.0
5,190.0,0.0,0.0,0.0,0.0,0.0,0.0,0.0,0.0,0.0,0.0,0.0,0.0,0.0,0.0,0.0,0.0,0.0,0.0,0.0,0.0,0.0
6,192.0,0.3213701899453472,-0.09715179125280704,0.4277997608977099,-0.19760258072097497,0.0,0.231150717205366,0.1624441928966231,-0.2699571727644135,0.6040038022498498,0.1566448680676169,0.1625447614482724,0.2346885897963719,0.0,0.0,0.0,0.0,0.0,0.1897137144713087,0.1902966014711485,0.2954435073194255,0.0
7,193.0,0.0,0.0,0.2185381794324233,0.1801338272354414,0.18892884483513794,0.0985890592579049,0.37692012887982906,0.0763808550636158,0.008698241346610791,-0.01856737978641676,0.029782671549159367,0.43396566369070466,0.0,-0.025815530960828004,0.6219771030448829,0.2910448235588865,0.8878194144927634,0.6861531585459776,0.15042321989703045,0.44499949315641313,0.0
