,position,A,C,D,E,F,G,H,I,K,L,M,N,P,Q,R,S,T,V,W,Y,-
0,133.5,0.1497237801540109,0.0,0.2780022533589897,0.4759301928388434,0.0,0.3702391130456375,0.1303198474189762,0.7176096309841832,0.0,0.0,0.3448151555696457,0.0,0.0,0.0,0.0,0.3214659518257695,0.3169246449684803,0.3418823247826339,0.0,0.0,0.8373664755926349
1,145.0,0.0,0.0,0.0,0.0,0.0,0.0,0.0,0.0,0.0,-0.1866851734770236,0.0,0.0,0.0,0.0103511320112956,0.0,0.0,0.0,0.0,0.0,0.0,0.0
2,156.0,0.0,0.0,0.3738426885943391,0.0,0.0,0.0,0.0,0.0,0.0,0.0,0.0,0.0,0.0,0.0,0.0,0.0,0.0,0.0,0.0,0.0,0.0
3,159.0,0.0,0.0,0.0,0.0,0.0,0.0,0.0478274290813816,0.0,0.0,0.0,0.0,0.0,0.0,0.0,0.0,0.0,0.0,0.0,0.0,0.0,0.0
4,189.0,0.0,0.0,0.0,0.0,0.0,0.0,0.0,0.1793830294482049,0.0,-0.1527571660728666,0.0,0.0,-0.0246560367463266,0.0,0.0680679006496734,0.0,0.0,0.1776890918249342,0.0,0.0,0.0
5,190.0,0.0,0.0,0.0,0.0,0.0,0.0,0.0,0.0,0.0,0.0,0.0,0.0,0.0,0.0,0.0,0.0,0.0,0.0,0.0,-0.066483134666748,0.0
6,192.0,0.15920228478360163,-0.12059334211069239,0.4277997608977099,0.2886794765588051,0.0,0.231150717205366,0.1624441928966231,0.0951343869380809,0.6040038022498498,0.1566448680676169,0.3160292963244693,0.2346885897963719,0.0,0.0,0.0,0.0,0.0,0.1897137144713087,0.1902966014711485,0.14246980608192708,0.0
7,193.0,0.0,0.0,-0.5992872220470858,0.3551979258078188,0.8800605787918634,0.0985890592579049,0.7354834068644545,0.8901658840182052,-0.08264065008909771,0.47234288311639283,0.8716942130835286,0.651579869699394,0.0,0.3090433398782041,0.6219771030448829,0.2910448235588865,0.8878194144927634,0.8653881775421525,0.6665966385817756,0.8950057510667175,0.0
