,position,A,C,D,E,F,G,H,I,K,L,M,N,P,Q,R,S,T,V,W,Y,-
0,133.5,0.3875430709790334,0.260444792976032,0.2036650166689994,0.3595117960293595,0.0,0.0,0.3955489742929854,0.0407891000530133,0.0,0.0,0.1828421536397627,0.0,0.0,0.0,0.0,0.2490704914304386,0.0,0.0,0.0,0.0,0.0
1,145.0,0.0,0.0,0.0,0.0,0.0,0.0,0.362854847674674,0.1509075482295207,0.3836776627362483,0.4542193217891603,0.4948403083710933,0.4368073115760081,0.0,0.4307528896504922,0.4982268373417759,0.0,0.1375428806692019,0.0,0.0,0.0,0.0
2,156.0,0.0,0.0,0.0,0.0,0.0,0.0,0.0,0.0,0.0,0.0,0.0,0.0,0.0,0.0,0.0,0.0,0.0,0.0,0.0,0.0,0.0
3,159.0,0.0323996793181211,0.0,0.132858261198419,-0.1754425228125285,0.0,0.0,0.3066025029229548,0.0,0.3080690018484573,0.2795334286243695,0.0991616841075146,0.1616103859899303,0.0,-0.009140245868909602,0.0,0.0,0.0,0.0,0.0,0.418275141621809,0.0
4,189.0,0.0,0.0,0.0,0.2388995169277794,0.0,0.0,0.0,0.0,0.0,0.0,0.0,0.0,0.0,0.069872161924092,0.0,0.0,0.0,0.0,0.0,0.0,0.0
5,190.0,0.0,0.0,0.0,0.0,0.0,0.4168292207454696,0.4438828964434791,0.9132627737073687,0.0,0.6236522550712571,0.6727251010929337,-0.01614541556256882,0.0,0.8812744793149663,-0.9707633949018492,0.3612229279699755,0.7315452386449854,0.7939886343530564,0.0,0.0,0.0
6,192.0,0.0,0.0,0.0,0.0,0.0,0.0,-0.1839391735017024,0.0,0.0,0.0,-0.0534383524287149,0.0,0.0,0.0,0.0,0.0,0.0,0.0,0.0,0.0,0.0
7,193.0,0.0,0.0,0.9930671850744968,0.1940692223129221,0.1205236861410649,0.2982169480856879,0.3915184433511318,0.1897385136158174,-0.126251650221599,0.155088825700595,0.1576003872055225,0.0,0.0,0.0,0.0,0.2398705308832137,0.0,0.0313229683646243,0.1325779015077071,0.0,0.0
