,position,A,C,D,E,F,G,H,I,K,L,M,N,P,Q,R,S,T,V,W,Y,-
0,133.5,0.0,0.0,0.785929172365798,0.8699375093427709,0.0,0.4656994304815656,0.0,0.0,0.0,0.0,0.0649125645534012,0.0,0.0,0.0,0.0,0.2688641035516264,0.0,0.0,0.0,0.0,0.870518509456389
1,145.0,0.0,0.0,0.0,0.0,0.0,0.0,0.0,0.0,0.0,-0.1781977397030577,0.0,0.0,0.0,0.0,0.0,0.0,0.0,0.0,0.0,0.0,0.0
2,156.0,0.0,0.0,0.2369273675009511,0.0,0.0,0.0,0.0,0.0,0.0,0.0,0.0,0.0,0.0,0.0,0.0,0.0,0.0,0.0,0.0,0.0,0.0
3,159.0,-0.0864526834567133,0.0,0.5997039925424889,0.8501935986931304,0.3082137621168715,0.0,0.1430360164640273,0.0,0.0785730168195895,0.0,0.0,0.0,0.0,0.0,0.0,0.0,0.0,0.0,0.1283401586783637,0.0,0.0
4,189.0,0.0,0.296033660630723,0.9857905856017454,0.8757687173763138,-0.06739929685317521,0.0,0.3358807988005712,0.381104329544896,0.6308926959689658,0.7969887220169254,0.6420454318561328,0.0,0.0,0.7092966382797827,0.5341552973354595,0.0,0.0,0.3218306597704296,0.5416695873950834,0.1479054899818409,0.0
5,190.0,0.0,0.0,0.0,0.0,0.0,0.3263207929932566,0.2506531679283639,0.1885593990191902,0.0,0.0,-0.060535665735794,0.0,0.0,0.0,0.0,0.0,0.0,0.0,0.0,0.0,0.0
6,192.0,0.0,0.0,0.3784018330763553,0.0,0.0,0.0,0.0,0.0,0.0,-0.24218459532666792,0.0,0.0,0.0,0.0,0.0,0.0,0.0809183060092052,0.0,0.0,0.0,0.0
7,193.0,0.0,0.0,0.9832985373904242,0.5310920081521436,0.1708346200739745,0.0,0.0,0.616545085122516,0.4625374140616032,0.4150836321712589,0.2001953146345306,0.0,0.0,0.2477138022100555,0.0,0.1957803273920088,0.507028703197919,0.3316985027616972,0.0,0.3262087341535643,0.0
