,position,A,C,D,E,F,G,H,I,K,L,M,N,P,Q,R,S,T,V,W,Y,-
0,126,0.0,0.558057120801573,0.0,0.47635105811027556,0.013765007834832272,0.0,0.0,0.0,0.0,0.0,0.0,0.0,0.0,0.0,0.0,0.0,0.0,0.0,0.0,0.09369608326058666,0.0
1,128,0.0,0.0,0.0,0.0,0.0,0.0,0.0,0.0,0.0,0.0,0.0,0.0,0.0,0.0,0.0,0.0,0.0,0.15903870950856358,0.0,0.0,0.0
2,166,0.9122050510885923,0.0,0.0,0.3444570540876246,0.4823119146873098,0.9469160190950704,0.0,0.3599633040304294,0.0,0.6488323995100557,0.32792028687079,0.8333932260624379,0.0,0.8417931715303071,0.25415323073393076,0.8487566500488958,0.5431158623317525,0.586975256824471,0.0,0.0,0.0
3,169,0.18377195469448065,0.642997948396766,0.9243594311691937,0.9924347469136585,0.5773072829428427,0.6085978251490403,0.6121628957859166,0.0,0.9020043386002943,0.0,0.0,0.0,0.7632695463118582,0.8618174319197245,0.9180974277236323,0.2983354511998718,0.3440628877325545,0.0,0.9834491302140984,0.9788054903470236,0.43940936360833416
4,171,0.0,0.0,0.0,0.0,0.4793879021094244,0.0,0.0,0.18839798370643573,0.0,0.0,0.0,0.0,0.0,0.0,0.284549651387719,0.0,0.0,0.0,0.9344113273052409,0.6405882284236966,0.0
5,173,0.0,0.0,0.0,0.0,0.0,0.0,0.0,0.19294046554937297,0.0,0.0,0.0,0.0,0.0,0.0,0.0,0.0,0.9318799053510562,0.0,0.0,0.0,0.0
