,position,A,C,D,E,F,G,H,I,K,L,M,N,P,Q,R,S,T,V,W,Y,-
0,126,0.0,0.8030150630186174,0.0,0.0,0.8694561900247935,0.0,0.0,0.7248343241061146,0.0,0.0,0.0,0.0,0.0,0.0,0.0,0.0,0.0,0.0,0.0,0.0,0.0
1,128,0.29427380440602885,0.0,0.8962118841789126,0.7937782308720729,0.0,0.6878696697787005,0.7955047893012046,0.0,0.0,0.0,0.0,0.555511729804277,0.0,0.24859908194339003,0.0,0.4230460712673503,0.0,0.0,0.8130013044396233,0.9154804748514329,0.0
2,166,0.0,0.0,0.0,0.9074938924248317,0.8256608645697308,0.0,0.0,0.0,0.0,0.0,0.9005436234620492,0.0,0.0,0.0,0.0,0.0,0.0,0.9504189826255041,0.7945622749504021,0.0,0.0
3,169,0.0,0.774231493300153,0.8963422466724467,0.9041818935420515,0.0,0.0,0.0,0.0,0.0,0.0,0.0,0.0,0.6281855054550548,0.0,0.7011247735032309,0.13740857198027748,0.0,0.0,0.7315228421362749,0.9130212253396408,0.0
4,171,0.0,0.0,0.9033450011802366,0.7118254369560141,0.8821415204847002,0.3871134496498438,0.0,0.6313657829051307,0.0,0.8956747279022489,0.0,0.0,0.0,0.0,0.8830320537045308,0.3231869689078769,0.0,0.6368311805260303,0.8557646938623424,0.9484131718430099,0.0
5,173,0.0,0.0,0.0,0.0,0.0,0.0,0.0,0.0,0.0,0.10320663133307013,0.0,0.1092254526196189,0.0,0.0,0.5476252686746652,0.6442251430619321,0.52798881351658,0.0,0.0,0.41818169355997126,0.0
