,position,A,C,D,E,F,G,H,I,K,L,M,N,P,Q,R,S,T,V,W,Y,-
0,126,0.0,0.6766798637531596,0.3653899255293133,0.20676029921601866,0.0,0.08293007430748059,0.0,0.26231347861871074,0.0,0.0,0.0,0.0,0.0,0.0,0.0,0.0,0.0,0.0,0.1992451688662343,0.18081866049450032,0.18447135914499535
1,128,0.19973732659666488,0.07226558502122671,0.512582691149851,0.5149757908696144,0.0,0.07606466219255989,0.19813498651209505,0.0,0.0,0.0,0.0,0.0,0.0,0.0,0.0,0.0,0.0,0.0,0.0729451114100719,0.0,0.0
2,166,0.9433350606779662,0.0,0.0,0.6497680995669697,0.860441523444251,0.805396111185966,0.0,0.6556495679038574,0.0,0.8833421688823921,0.6010478059074096,0.9227256117342263,0.0,0.8888424851291465,0.29019695681830004,0.9300851037801944,0.8368222162162207,0.935008811518399,0.0,0.4931590705979546,0.0
3,169,0.6028301581673581,0.9276594664246115,0.8990350724872747,0.962327509266721,0.9281929908650617,0.8232661871801685,0.9282692102604819,0.0,0.8415428356805811,0.5765652451363963,0.7566711307935692,0.3678464164742243,0.6441857675543372,0.9540252372055007,0.8603751906065451,0.8498243831807697,0.45473469758985957,0.0,0.9590681910688099,0.9304098334116064,0.3679770735236029
4,171,0.0,0.0,0.0,0.4183960228716168,0.881518976102476,0.2958812816742852,0.0,0.4183619890310689,0.0,0.0,0.6193394781027731,0.0,0.0,0.19820628837408083,0.8493647170508992,0.0,0.0,0.0,0.8547960645712392,0.7014484326122759,0.0
5,173,0.0,0.0,0.0,0.0,0.0,0.0,0.23315571855791448,0.0,0.0,0.0,0.0,0.19979187074941104,0.0,0.12678400705818269,0.19254077099431405,0.0,0.8321778447862552,0.271093840915986,0.05204295737827726,0.0,0.0
