,position,A,C,D,E,F,G,H,I,K,L,M,N,P,Q,R,S,T,V,W,Y,-
0,126,0.0,0.7640965430248685,0.5340691372958704,0.990319338881714,0.0,0.0,0.0,0.0,0.0,0.0,0.0,0.0,0.0,0.0,0.0,0.0,0.0,0.0,0.0,0.0,0.5089063233582802
5,128,0.0,0.0,0.0,0.0,0.0,0.0,0.0,0.0,0.0,0.0,0.0,0.0,0.0,0.0,0.0,0.0,0.0,0.0,0.0,0.0,0.0
1,166,0.8967154884432875,0.646057243868718,0.0,0.8840004367391717,0.0,0.695495955125258,0.0,0.2537297725411977,0.0,0.5948683336857693,0.4506405885213812,0.8872583801823386,0.0,0.7388851677523298,0.0,0.764822474097524,0.3563030348640206,0.5836314685869003,0.0,0.0,0.0
2,169,0.0,0.7636577654506245,0.7682703364048377,0.9382842883062321,0.9306309247277458,0.5196754700700197,0.669613941085949,0.0,0.9056531308433975,0.1017898041461735,0.28566536050560376,0.0,0.7715889621820495,0.882434120445718,0.9218609901120873,0.2816399185823572,0.0,0.0,0.9654017235347212,0.9658386038899858,0.0
3,171,0.0,0.0,0.0,0.22977691641648373,0.539755604953235,0.0,0.0,0.0,0.0,0.7345096131264408,0.0,0.0,0.0,0.0,0.0,0.0,0.0,0.0,0.0,0.5946038790589435,0.0
4,173,0.0,0.0,0.0,0.0,0.0,0.156970858439482,0.0,0.0,0.0,0.0,0.0,0.0,0.0,0.049331599848328106,0.0,0.4846513747311544,0.9192231247538765,0.0,0.0,0.0,0.0
