,position,A,C,D,E,F,G,H,I,K,L,M,N,P,Q,R,S,T,V,W,Y,-
5,119,0.0,0.0,0.0,0.0,0.0,0.0,0.0,0.0,0.0,0.0,0.0,0.0,0.0,0.0,0.0,0.0,0.0,0.0,0.0,0.0,0.0
0,122,0.0,0.0,0.9645320470943397,0.9220681104684363,0.0,0.4139002280663834,0.6906953886311514,0.0,0.8170331685976804,0.0,0.0,0.9523899601577115,0.0,0.31587054547178467,0.7051617822176038,0.0,0.0,0.0,0.0,0.0,0.8958289799105013
1,123,0.0,0.0,0.06176181559598421,0.0,0.0,0.0,0.0,0.0,0.0,0.0,0.0,0.7146623783436618,0.0,0.0,0.0,0.0,0.07982328087816414,0.0,0.0,0.0,0.0
2,124,0.0,0.0,0.0,0.0,0.0,0.0,0.0,0.0,0.0,0.0,0.0,0.9372472398237099,0.0,0.032807752000678585,0.0,0.0,0.0,0.0,0.0,0.0,0.0
3,125,0.0,0.0,0.8712983263632079,0.9741677696075015,0.25215537601753285,0.0,0.26788057388493586,0.0,0.3209805022614758,0.30884701093751527,0.0,0.38505283302304605,0.3545680409154781,0.5283779219856869,0.0,0.0,0.46381244497897756,0.0,0.0,0.2811710454934798,0.0
4,172,0.25903302848979304,0.0,0.0,0.575421750588218,0.397733778187732,0.16821596935328623,0.0,0.0,0.0,0.3048174542455811,0.5555203693110127,0.23658847857293103,0.0,0.4824398096478099,0.0,0.3058734914324067,0.0,0.36142448885934964,0.771049975575202,0.6091650520058897,0.0
