,position,A,C,D,E,F,G,H,I,K,L,M,N,P,Q,R,S,T,V,W,Y,-
0,119,0.0,0.0,0.0,0.0,0.0,0.0,0.0,0.14039363499063023,0.2525494689454926,0.5127863883620968,0.0,0.0,0.0,0.1536577129740791,0.0,0.0,0.0,0.0,0.0,0.0,0.0
1,122,0.0,0.4946551582631138,0.9412554512057087,0.9777166028329594,0.5286542856802354,0.0,0.8260704097504112,0.3448622809283384,0.8574957114164942,0.0,0.0,0.20931527213241458,0.0,0.0,0.8088668015248432,0.0,0.0,0.04300034510286543,0.2070061087365766,0.5613906967647124,1.0
2,123,0.0,0.0,0.8142925850234197,0.5031181319534352,0.13168914685141053,0.19357328632811013,0.0,0.0,0.0,0.13255870240563689,0.0,0.20567549690381098,0.133651282184268,0.12821034561831607,0.0,0.15672121327705532,0.19127404511961862,0.04832099209301497,0.0,0.0,0.10100418018591673
3,124,0.0,0.0,0.17889470045021125,0.0,0.0,0.0,0.0,0.0,0.0,0.0,0.0,0.0,0.0,0.0,0.0,0.0,0.0,0.0,0.0,0.0,0.0
4,125,0.0,0.0,0.2886534922007484,0.0,0.0,0.0,0.08155035718052653,0.0,0.0,0.0,0.0,0.0,0.0,0.0,0.0,0.0,0.0,0.0,0.0,0.0,0.0
5,172,0.0,0.0,0.0,0.0,0.0,0.0,0.0,0.0,0.0,0.0,0.038347487235017304,0.0,0.0,0.10042889303112594,0.025024478326486306,0.0,0.0,0.0,0.12414853975959454,0.0,0.0
