,position,A,C,D,E,F,G,H,I,K,L,M,N,P,Q,R,S,T,V,W,Y,-
0,119,0.20288413879743972,0.0,0.0,0.0,0.0,0.0,0.0,0.0,0.0,0.0,0.0,0.0,0.4885006670508261,0.5299120536646071,0.0,0.0,0.30763800744874337,0.0,0.0,0.0,0.0
1,122,0.17935478914440406,0.0,0.9833809851630007,0.9137797577843833,0.0,0.46678328822350884,0.6769227310653263,0.0,0.778386977967362,0.0,0.0,0.9085375527489826,0.0,0.5954593049926031,0.616859050848485,0.25730163795372574,0.26743028552389975,0.0,0.0,0.0,0.9112581241341673
2,123,0.0,0.0,0.15583395793854563,0.0,0.0,0.0,0.0,0.0,0.0,0.05485781820719532,0.0,0.7730182832373275,0.07941560886440757,0.0,0.0,0.0,0.0,0.0,0.06190218962555476,0.0,0.64930017674737
3,124,0.40284208431831603,0.0,0.6293314263540677,0.11316558121711918,0.0,0.7117109680857364,0.07393766276479269,0.0,0.6984787125511461,0.0,0.0,0.8722721657039727,0.36354731566372644,0.1518978654947825,0.0,0.0,0.0,0.2918174325282627,0.2370680367135944,0.0,0.7097123549607698
4,125,0.39562859350251217,0.0,0.9103593602590336,0.9929420773636051,0.6762932398602988,0.643693599251276,0.73809365845928,0.6255193496669129,0.7117735666690008,0.7149430477915111,0.0,0.7297587429293542,0.6610468755069421,0.8677813247223484,0.5881881065586372,0.0,0.32972134151047555,0.3224297950920999,0.0,0.7645085967077951,0.7785525632827777
5,172,0.6464146462227862,0.5842731602348936,0.0,0.6674987528748004,0.524466986905321,0.6053254394901828,0.11428524015318656,0.0,0.0,0.8241162154386321,0.8526913712912099,0.701784088106034,0.0,0.9068827573104541,0.3574208598568699,0.8813033230530531,0.4440704521556112,0.6348888444399088,0.8124852352999259,0.6058287438653507,0.0
