,position,A,C,D,E,F,G,H,I,K,L,M,N,P,Q,R,S,T,V,W,Y,-
0,119,0.0,0.0,0.0,0.0,0.0,0.0,0.0,0.4207674918067517,0.4941193934021223,0.7855909059979889,0.6196403472166174,0.0,0.09528653112760978,0.6507110145759191,0.0,0.0,0.0,0.13753687959881172,0.0,0.0,0.0
1,122,0.0,0.4725179346464218,0.9439605463341045,0.971096356045188,0.45793699822088874,0.0,0.7397630552453067,0.42731444426474346,0.8890507129711922,0.0,0.0,0.5251637447366024,0.0,0.0,0.8227787920589256,0.0,0.0488060737955661,0.286962246577128,0.2676987239977671,0.5660307739040155,1.0
2,123,0.0,0.0,0.5400388935778051,0.23647182098922764,0.0,0.0,0.0,0.0,0.0,0.2963736490463128,0.197841621452851,0.0,0.2586343266131002,0.0,0.0,0.0,0.0,0.0,0.0,0.0779711189721,0.13730146914652921
4,124,0.0,0.0,0.0,0.0,0.0,0.0,0.0,0.0,0.0,0.0,0.0,0.0,0.0,0.0,0.0,0.0,0.0,0.0,0.0,0.0,0.0
3,125,0.0,0.0,0.5850832832922062,0.40347481158339304,0.0,0.0,0.0,0.0,0.0,0.0,0.0,0.0,0.0,0.0,0.0,0.0,0.14263262095013396,0.0,0.1492060623393257,0.0,0.0
5,172,0.0,0.0,0.0,0.0,0.0,0.0,0.0,0.0,0.0,0.0,0.0,0.0,0.0,0.0,0.0,0.0,0.0,0.0,0.0,0.0,0.0
