,position,A,C,D,E,F,G,H,I,K,L,M,N,P,Q,R,S,T,V,W,Y,-
5,133.5,0.0,0.0,0.0,0.0,0.0,0.0,0.0,0.0,0.0,0.0,0.0,0.0,0.0,0.0,0.0,0.0,0.0,0.0,0.0,0.0,0.0
6,145,0.0,0.0,0.0,0.0,0.0,0.0,0.0,0.0,0.0,0.0,0.0,0.0,0.0,0.0,0.0,0.0,0.0,0.0,0.0,0.0,0.0
7,156,0.0,0.0,0.0,0.0,0.0,0.0,0.0,0.0,0.0,0.0,0.0,0.0,0.0,0.0,0.0,0.0,0.0,0.0,0.0,0.0,0.0
0,159,0.7429884765863948,0.0,0.42064558189870993,0.9019697698485453,0.0,0.0,0.8548219969378643,0.0,0.0,0.9009578927764821,0.860731536985863,0.0,0.0,0.838049809148141,0.0,0.0,0.8229778411303832,0.0,0.6314909727483948,0.936589624888916,0.0
1,189,0.13649672440567714,0.5939428252431459,0.9356322241167674,0.814747187091557,0.6472039643996437,0.0,0.5451328045210779,0.13728910549822249,0.8848808256432512,0.8929277773264498,0.8591364858358732,0.3534539005617662,0.18741529800840223,0.9540468631577632,0.8619417368132978,0.0,0.0,0.0,0.8318792271068727,0.6296822211493973,0.0
2,190,0.0,0.0,0.0,0.0,0.0,0.0,0.0,0.0,0.3164002999032327,0.0,0.0,0.0,0.0,0.0,0.0,0.0,0.0,0.0,0.0,0.3142409074830117,0.0
3,192,0.28123049432726616,0.0,0.0,0.0,0.0,0.24785377401714032,0.0,0.0,0.0,0.06010195023347213,0.0,0.0,0.0,0.0,0.0,0.0,0.3058132887867111,0.0,0.0,0.4608783220379933,0.0
4,193,0.0,0.0,0.6831089328012531,0.3779739310767545,0.9878189649017948,0.0,0.6125953104933601,0.7692200552447753,0.8547478839600411,0.6909086262898616,0.0,0.0,0.0,0.6058353050032885,0.7119573761837392,0.0,0.7411996337902018,0.5403876361907991,0.8504071580602741,0.8559027712423763,0.0
