,position,A,C,D,E,F,G,H,I,K,L,M,N,P,Q,R,S,T,V,W,Y,-
7,133.5,0.0,0.0,0.0,0.0,0.0,0.0,0.0,0.0,0.0,0.0,0.0,0.0,0.0,0.0,0.0,0.0,0.0,0.0,0.0,0.0,0.0
0,145,0.0,0.669390495633648,0.0,0.0,0.0,0.0,0.0,0.41981431730092766,0.0,0.7209908813072674,0.0,0.0,0.0,0.0,0.845932270242927,0.0,0.4196531343616698,0.0,0.0,0.0,0.0
1,156,0.0,0.0,0.0,0.0,0.0,0.0,0.0,0.0,0.0,0.0,0.0,0.0,0.3488817520851118,0.0,0.0,0.0,0.0,0.0,0.0,0.0,0.0
2,159,0.0,0.0,0.0,0.8690803551054685,0.0,0.0,0.8820278923465449,0.0,0.0,0.8188463985605916,0.8447257868073185,0.0,0.0,0.7132118701915371,0.0,0.0,0.697176370399528,0.0,0.7326271848278387,0.8149094204826474,0.0
3,189,0.0,0.0,0.0,0.0,0.0,0.0,0.0,0.0,0.0,0.0,0.0,0.0,0.0,0.0,0.0,0.0,0.0,0.0,0.0,0.07555878327408216,0.0
4,190,0.889025623915429,0.0,0.0,0.0,0.8431679604892051,0.856082921372537,0.8923847306105028,0.8149232256993157,0.8684630423375885,0.0,0.9076355042877322,0.8893286425973198,0.7961279783661948,0.8216755860878268,0.6623898017100677,0.8174009268428823,0.816182625739323,0.0,0.8662326746953221,0.8610812471556231,0.0
5,192,0.4988132883712056,0.0,0.0,0.0,0.0,0.7270798082134151,0.0,0.0,0.0,0.7999110061197108,0.0,0.0,0.0,0.0,0.0,0.7316645084596388,0.5931507639244935,0.0,0.0,0.0,0.0
6,193,0.0,0.0,0.5372215718151366,0.0,0.7092555084151176,0.47249844463655255,0.8769222528338969,0.8831139678064198,0.9245363616183815,0.9397328924185562,0.8166404041788591,0.39905559192117873,0.0,0.833996792181751,0.8931194507721474,0.4496939525459329,0.6708722894581726,0.8752628501827501,0.9304657082270857,0.8805291200182073,0.0
