,position,A,C,D,E,F,G,H,I,K,L,M,N,P,Q,R,S,T,V,W,Y,-
5,133.5,0.0,0.0,0.0,0.0,0.0,0.0,0.0,0.0,0.0,0.0,0.0,0.0,0.0,0.0,0.0,0.0,0.0,0.0,0.0,0.0,0.0
6,145,0.0,0.0,0.0,0.0,0.0,0.0,0.0,0.0,0.0,0.0,0.0,0.0,0.0,0.0,0.0,0.0,0.0,0.0,0.0,0.0,0.0
7,156,0.0,0.0,0.0,0.0,0.0,0.0,0.0,0.0,0.0,0.0,0.0,0.0,0.0,0.0,0.0,0.0,0.0,0.0,0.0,0.0,0.0
0,159,0.0,0.0,0.8329784043340624,0.9082951876437719,0.0,0.0,0.8958019924085389,0.0,0.0,0.9068006422374748,0.8585525752253904,0.0,0.0,0.8973896763031002,0.0,0.0,0.752022488059416,0.0,0.6908732171610452,0.8256435564875101,0.0
1,189,0.0,0.0,0.0,0.0,0.0,0.0,0.0,0.11431704520670488,0.0,0.0,0.0,0.0,0.0,0.0,0.0,0.0,0.0,0.0,0.0,0.0,0.0
2,190,0.8699412937854505,0.0,0.0,0.0,0.8330015528940353,0.9004354064323766,0.8715494651538144,0.7430141801394148,0.7480800081833433,0.0,0.9697065143323924,0.8834102475171446,0.7899291064218845,0.9148074769685811,0.0,0.8177353424631136,0.7983799817500025,0.7005502502583714,0.8778655555547548,0.8490109039765666,0.0
3,192,0.0,0.0,0.0,0.0,0.0,0.17638323256991564,0.0,0.0,0.0,0.45659704132472245,0.0,0.0,0.0,0.0,0.0,0.0,0.4726037082957131,0.0,0.0,0.0,0.0
4,193,0.0,0.0,0.7332106098011337,0.0,0.8965708609622018,0.13054719321150607,0.8986740479638755,0.7902311499219242,0.9159586374196469,0.7368378890552593,0.0,0.0,0.0,0.09235034932210903,0.8787516229110004,0.0,0.28761455619677334,0.6743224304769759,0.9096720783026886,0.9054590938280731,0.0
