,position,A,C,D,E,F,G,H,I,K,L,M,N,P,Q,R,S,T,V,W,Y,-
0,133.5,0.3875430709790334,0.260444792976032,0.20366501666899942,0.35951179602935956,0.0,0.0,0.3955489742929854,0.0407891000530133,0.0,0.0,0.18284215363976272,0.0,0.0,0.0,0.0,0.24907049143043866,0.0,0.0,0.0,0.0,0.0
1,145,0.0,0.0,0.0,0.0,0.0,0.0,0.362854847674674,0.15090754822952077,0.38367766273624837,0.45421932178916036,0.4948403083710933,0.4368073115760081,0.0,0.4307528896504922,0.4982268373417759,0.0,0.13754288066920192,0.0,0.0,0.0,0.0
6,156,0.0,0.0,0.0,0.0,0.0,0.0,0.0,0.0,0.0,0.0,0.0,0.0,0.0,0.0,0.0,0.0,0.0,0.0,0.0,0.0,0.0
2,159,0.03239967931812114,0.0,0.13285826119841904,0.09243971041426115,0.0,0.0,0.3066025029229548,0.0,0.3080690018484573,0.2795334286243695,0.09916168410751464,0.16161038598993036,0.0,0.22422135490498066,0.0,0.0,0.0,0.0,0.0,0.418275141621809,0.0
3,189,0.0,0.0,0.0,0.2388995169277794,0.0,0.0,0.0,0.0,0.0,0.0,0.0,0.0,0.0,0.06987216192409207,0.0,0.0,0.0,0.0,0.0,0.0,0.0
4,190,0.0,0.0,0.0,0.0,0.0,0.4168292207454696,0.4438828964434791,0.9132627737073689,0.0,0.6236522550712571,0.8265082591747982,0.4246023387702942,0.0,0.8812744793149663,0.0,0.36122292796997557,0.7315452386449854,0.7939886343530564,0.0,0.0,0.0
7,192,0.0,0.0,0.0,0.0,0.0,0.0,0.0,0.0,0.0,0.0,0.0,0.0,0.0,0.0,0.0,0.0,0.0,0.0,0.0,0.0,0.0
5,193,0.0,0.0,0.9930671850744967,0.3268146069442013,0.30475520083028235,0.2982169480856879,0.39151844335113184,0.18973851361581742,0.8565290827755582,0.3400972133434964,0.15760038720552255,0.0,0.0,0.0,0.0,0.2398705308832137,0.0,0.03132296836462438,0.13257790150770712,0.0,0.0
