,position,A,C,D,E,F,G,H,I,K,L,M,N,P,Q,R,S,T,V,W,Y,-
0,133.5,0.14972378015401094,0.0,0.27800225335898976,0.5926758669719261,0.0,0.3702391130456375,0.1303198474189762,0.7176096309841832,0.0,0.0,0.34481515556964576,0.0,0.0,0.0,0.0,0.3214659518257695,0.31692464496848033,0.3418823247826339,0.0,0.0,0.8373664755926349
1,145,0.0,0.0,0.0,0.0,0.0,0.0,0.0,0.0,0.0,0.0,0.0,0.0,0.0,0.010351132011295658,0.0,0.0,0.0,0.0,0.0,0.0,0.0
2,156,0.0,0.0,0.3738426885943391,0.0,0.0,0.0,0.0,0.0,0.0,0.0,0.0,0.0,0.0,0.0,0.0,0.0,0.0,0.0,0.0,0.0,0.0
3,159,0.0,0.0,0.0,0.0,0.0,0.0,0.047827429081381684,0.0,0.0,0.0,0.0,0.0,0.0,0.0,0.0,0.0,0.0,0.0,0.0,0.0,0.0
4,189,0.0,0.0,0.0,0.0,0.0,0.0,0.0,0.1793830294482049,0.0,0.0,0.0,0.0,0.0,0.0,0.06806790064967347,0.0,0.0,0.17768909182493425,0.0,0.0,0.0
7,190,0.0,0.0,0.0,0.0,0.0,0.0,0.0,0.0,0.0,0.0,0.0,0.0,0.0,0.0,0.0,0.0,0.0,0.0,0.0,0.0,0.0
5,192,0.3213701899453472,0.8794066578893076,0.42779976089770994,0.28867947655880516,0.0,0.231150717205366,0.16244419289662315,0.09513438693808099,0.6040038022498498,0.1566448680676169,0.3160292963244693,0.23468858979637197,0.0,0.0,0.0,0.0,0.0,0.18971371447130878,0.19029660147114852,0.2954435073194255,0.0
6,193,0.0,0.0,0.2185381794324233,0.6226940024062484,0.8800605787918634,0.09858905925790491,0.7354834068644545,0.8901658840182052,0.7726375817988993,0.9395916446098247,0.8716942130835286,0.651579869699394,0.0,0.9654183370482827,0.6219771030448829,0.2910448235588865,0.8878194144927634,0.8653881775421525,0.6665966385817756,0.8950057510667175,0.0
