,position,A,C,D,E,F,G,H,I,K,L,M,N,P,Q,R,S,T,V,W,Y,-
0,133.5,0.0,0.0,0.785929172365798,0.8699375093427709,0.0,0.4656994304815656,0.0,0.0,0.0,0.0,0.06491256455340123,0.0,0.0,0.0,0.0,0.26886410355162643,0.0,0.0,0.0,0.0,0.870518509456389
7,145,0.0,0.0,0.0,0.0,0.0,0.0,0.0,0.0,0.0,0.0,0.0,0.0,0.0,0.0,0.0,0.0,0.0,0.0,0.0,0.0,0.0
1,156,0.0,0.0,0.23692736750095117,0.0,0.0,0.0,0.0,0.0,0.0,0.0,0.0,0.0,0.0,0.0,0.0,0.0,0.0,0.0,0.0,0.0,0.0
2,159,0.0,0.0,0.5997039925424889,0.8501935986931304,0.30821376211687157,0.0,0.14303601646402736,0.0,0.07857301681958956,0.0,0.0,0.0,0.0,0.0,0.0,0.0,0.0,0.0,0.12834015867836374,0.0,0.0
3,189,0.0,0.29603366063072306,0.9857905856017454,0.8757687173763138,0.11951266019957049,0.0,0.3358807988005712,0.38110432954489604,0.6308926959689658,0.7969887220169254,0.6420454318561328,0.0,0.0,0.7092966382797827,0.5341552973354595,0.0,0.0,0.32183065977042963,0.5416695873950834,0.1479054899818409,0.0
4,190,0.0,0.0,0.0,0.0,0.0,0.3263207929932566,0.2506531679283639,0.18855939901919028,0.0,0.0,0.0,0.0,0.0,0.0,0.0,0.0,0.0,0.0,0.0,0.0,0.0
5,192,0.0,0.0,0.3784018330763553,0.0,0.0,0.0,0.0,0.0,0.0,0.1379858176500598,0.0,0.0,0.0,0.0,0.0,0.0,0.08091830600920526,0.0,0.0,0.0,0.0
6,193,0.0,0.0,0.9832985373904242,0.7001665004649047,0.1708346200739745,0.0,0.0,0.616545085122516,0.4625374140616032,0.41508363217125893,0.2001953146345306,0.0,0.0,0.2477138022100555,0.0,0.1957803273920088,0.507028703197919,0.33169850276169727,0.0,0.32620873415356433,0.0
